ID	名前	カテゴリ	説明文	レア度	価格	通常効果	軌道効果	攻撃力	ダメージ種別	掘削力	耐久力	重さ	画像番号	地面角度	リング角度	特殊タグ	効果テキスト	ST_C1	ST_R1	ST_S1	ST_C2	ST_R2	ST_S2	ST_C3	ST_R3	ST_S3	JK_C1	JK_R1	JK_S1	JK_C2	JK_R2	JK_S2	JK_C3	JK_R3	JK_S3	SC_C1	SC_R1	SC_S1	SC_C2	SC_R2	SC_S2	SC_C3	SC_R3	SC_S3	AS_C1	AS_R1	AS_S1	AS_C2	AS_R2	AS_S2	AS_C3	AS_R3	AS_S3	AS_C4	AS_R4	AS_S4	AS_C5	AS_R5	AS_S5	AS_C6	AS_R6	AS_S6	AS_C7	AS_R7	AS_S7	AS_C8	AS_R8	AS_S8	AS_C9	AS_R9	AS_S9
item_shovel	スコップ	掘削	魔女のまわりを回って土を掘る基本の道具。	1	80	none	terrain:dig:12:0	6	blunt	12	120	1.2	1	-35	outward	dig_tool,weapon,metal,medium	敵に打撃ダメージ（攻撃力6）｜土を掘れる（掘削力12）	56	29	8	3	7		5			15	3		2															5	25	7	38	11	2	17	3		4																	
item_silver_shovel	銀のスコップ	掘削	銀色に磨かれた扱いやすいスコップ。普通のスコップより軽快に土を掘れる。	5	180	none	terrain:dig:18:0	8	blunt	18	160	1.25	2	-35	outward	dig_tool,weapon,metal,medium	敵に打撃ダメージ（攻撃力8）｜土を掘れる（掘削力18）		13	3	1	37	33	43	44	18	15	35	24	42	3	1	34	1	2	45	23	6	24	6		4				11	26	4	25	31	17	39	26	38	39	16	5	25	7	38	11	2	17	3		4					
item_gold_shovel	金のスコップ	掘削	金色に輝く上質なスコップ。掘削力が高く、深い地層でも頼りになる。	10	420	none	terrain:dig:28:0	11	blunt	28	220	1.35	3	-35	outward	dig_tool,weapon,metal,medium	敵に打撃ダメージ（攻撃力11）｜土を掘れる（掘削力28）									8			2			1		1	24		3	15	2	16	27	15	35	24									2			7		3	16		11	26	4	25	31	17	39	26	38	39	16
item_pickaxe	ツルハシ	掘削	硬い岩を割るための道具。土より岩に強い。	2	140	none	terrain:dig_hard:18:0	10	pierce	18	140	1.8	4	-35	outward	dig_tool,weapon,metal,heavy,hard_dig_tool	敵に刺突ダメージ（攻撃力10）｜硬い地形を掘れる（掘削力18）	43	44	18	53	2	5	19	4		34	1	2	8						4									38	39	16	5	25	7	38	11	2	17	3		4														
item_rockbreaker_pickaxe	砕岩のツルハシ	掘削	分厚い岩盤を砕くために作られた重いツルハシ。硬い地形に特に強い。	8	360	none	terrain:dig_hard:30:0	14	pierce	30	200	2.1	5	-35	outward	dig_tool,weapon,metal,heavy,hard_dig_tool	敵に刺突ダメージ（攻撃力14）｜硬い地形を掘れる（掘削力30）			3		2	13		13	3		3	15	2	16	27	15	35	24	4	23	28	24	37	19	45	23	6			2			7		3	16		11	26	4	25	31	17	39	26	38	39	16	5	25	7	38	11	2
item_drill	ドリル	掘削	当たった場所を連続で削る回転道具。一点突破に向く。	4	320	none	terrain:dig_multi:8:0	8	pierce	24	100	2	6	135	forward:+180	dig_tool,weapon,metal,heavy,multi_hit	敵に刺突ダメージ（攻撃力8）｜連続で掘れる（掘削力24）	5	29	35	3	46	24	56	29	8	34	35	15	42	16	4	15	3		34	1	2	8						4	25	31	17	39	26	38	39	16	5	25	7	38	11	2	17	3		4								
item_earthrumble_drill	地鳴りドリル	掘削	回転するたび地面を震わせる強力なドリル。重いが掘削性能は高い。	9	760	none	terrain:dig_multi:12:0	12	pierce	36	150	2.6	7	135	forward:+180	dig_tool,weapon,metal,heavy,multi_hit,hard_dig_tool	敵に刺突ダメージ（攻撃力12）｜連続で掘れる（掘削力36）						5		4	18			6		6	19	4	23	28		1	24	8	3	27	34	35	15						2			7		3	16		11	26	4	25	31	17	39	26	38	39	16	5	25	7
item_torch	松明	探索	暗い場所を照らす火のついた棒。少しだけ敵も焼ける。	1	60	none	area:light:3:0	4	fire	0	60	0.7	8	-25	fixed	light_source,wood,fire,small	敵に火ダメージ（攻撃力4）｜周囲を照らす（光量3）	56	29	8	3	7		5			14	3																	5	25	7	38	11	2	17	3		4																	
item_lantern	ランタン	探索	広く照らせるランタン。松明より重いが明るい。	5	140	none	area:light:5:0	2	fire	0	80	1	9	0	fixed	light_source,metal,glass,medium	敵に火ダメージ（攻撃力2）｜周囲を照らす（光量5）		13	3	1	37	33	43	44	18	14	32	21	38	27	9	31	9	2	45	23	6	24	6		4				11	26	4	25	31	17	39	26	38	39	16	5	25	7	38	11	2	17	3		4					
item_moonlight_lantern	月灯のランタン	探索	月のような淡い光を放つランタン。暗い地底を広く静かに照らす。	10	380	none	area:light:8:0	2	magic	0	120	1.1	10	0	fixed	light_source,metal,glass,magic,medium	敵に魔法ダメージ（攻撃力2）｜周囲を照らす（光量8）									8			2			9		9	21		3	15	2	16	27	15	35	24									2			7		3	16		11	26	4	25	31	17	39	26	38	39	16
item_firefly_bottle	ホタル瓶	探索	ホタルが入った瓶。隠れたものに近づくと光が強くなる。	3	180	none	area:[detect_hidden,light]:[4,2]:0	1	none	0	30	0.5	11	0	fixed	hidden_detector,glass,fragile,light_source,small	隠し要素を探知する｜周囲を照らす（光量2）	19	44	3	53	37	13	43	13	3	4	21	6	22	5		3			15	3		2						17	39	26	38	39	16	5	25	7	38	11	2	17	3		4											
item_compass	コンパス	探索	宝の気配がする方向をふらふら指す小さな道具。	3	220	none	area:detect_treasure:6:0	1	none	0	50	0.3	12	0	fixed	treasure_detector,metal,small	宝を探知する	19	44	3	53	37	13	43	13	3	4	21	6	22	5		3			15	3		2						17	39	26	38	39	16	5	25	7	38	11	2	17	3		4											
item_gravity_stone	重力石	軌道	持つと少し重く感じる石。軌道を内側へ引き寄せる。	4	260	none	orbit:[orbit_gravity,orbit_power]:[0.85,1.15]:0	3	blunt	0	-1	1.6	13	0	spin:80	stone,orbit_inner,heavy,medium	敵に打撃ダメージ（攻撃力3）｜軌道をまとまりやすくする（0.85倍）｜軌道出力を変える（1.15倍）	3	18	22	19	29	15	35	18	5	31	31	13	38	14	3	13	3		32	9	2	8						3	2	24	13	3	2	29	3	12	38	2	5	29	9	2	13	2		3								
item_antigravity_stone	反重力石	軌道	ふわふわ浮く不思議な石。軌道を外側へ広げる。	4	260	none	orbit:[orbit_antigravity,orbit_speed]:[1.2,1.05]:0	2	blunt	0	-1	0.4	14	0	spin:80	stone,orbit_outer,medium	敵に打撃ダメージ（攻撃力2）｜軌道を広げやすくする（1.2倍）｜軌道速度を変える（1.05倍）	3	18	22	19	29	15	35	18	5	31	31	13	38	14	3	13	3		32	9	2	8						3	2	24	13	3	2	29	3	12	38	2	5	29	9	2	13	2		3								
item_orbit_stake	軌道杭	軌道	空中に軌道の芯を打ち込むための杭。位置ずらしを助ける。	5	360	none	orbit:[orbit_anchor,orbit_shift]:[1,1.3]:0	4	pierce	0	-1	1.3	15	-35	outward	metal,medium	敵に刺突ダメージ（攻撃力4）｜軌道を安定させる｜軌道ずらし性能を変える（1.3倍）		8	18	6	23	21	27	27	11	13	31	21	38	27	9	31	9	2	42	22	6	23	5		4				9	2	3	2	24	13	3	2	29	3	12	38	2	5	29	9	2	13	2		3					
item_coin_bag	金貨袋	宝	金貨が詰まった袋。回すとじゃらじゃらうるさい。	2	200	none	enemy:coin_drop_chance:20:0	3	blunt	0	20	0.8	16	0	fixed	treasure,money,cloth,small	敵に打撃ダメージ（攻撃力3）｜敵に当たると少額のお金を落とす（20%）	83	92	41	12	42	11	36	8		83	27	6	2	3					9									91	12	46	12	67	2	91	29	6	4	8		1	2													
item_apple	リンゴ	回復	赤くて普通のリンゴ。食べると少し元気になる。	1	30	player:heal:30:0	enemy:heal:30:0	0	none	0	1	0.2	17	0	fixed	food,apple,consumable,small	HPを回復する（30）	88	45	7	47	11		7			23	4		2															77	4	6	59	17	2	26	5		7																	
item_good_apple	いいリンゴ	回復	つやがあっておいしそうなリンゴ。普通よりしっかり元気になる。	2	70	player:heal:70:0	enemy:heal:70:0	0	none	0	1	0.2	18	0	fixed	food,apple,consumable,small	HPを回復する（70）	67	68	16	82	31	4	29	6		53	16	2	13	2					6									59	6	14	77	4	6	59	17	2	26	5		7														
item_luxury_apple	高級リンゴ	回復	妙に高そうなリンゴ。食べるとかなり元気になる。	4	160	player:heal:160:0	enemy:heal:160:0	0	none	0	1	0.3	19	0	fixed	food,apple,consumable,small	HPを回復する（160）	7	45	3	47	72	21	88	45	7	53	54	12	65	25	3	23	4		56	16	2	13	2					7	4	26	26	6	22	59	6	14	77	4	6	59	17	2	26	5		7								
item_power_macaron	力のマカロン	強化	食べると妙に力がわいてくるマカロン。	2	90	player:buff_attack:1.3:12	enemy:buff_attack:1.3:12	0	none	0	1	0.1	20	0	fixed	food,consumable,small	攻撃力を上げる（1.3倍）	42	43	1	51	2	3	18	4		48	14	2	11	2					5									46	47	11	61	31	5	46	14	2	2	4		5														
item_speed_candy	すばやいアメ	強化	なめると足が軽くなるアメ。落ち着きも少しなくなる。	2	90	player:buff_speed:1.25:12	enemy:buff_speed:1.25:12	0	none	0	1	0.1	21	0	fixed	food,candy,consumable,small	移動速度を上げる（1.25倍）	42	43	1	51	2	3	18	4		48	14	2	11	2					5									46	47	11	61	31	5	46	14	2	2	4		5														
item_hard_cookie	かたいクッキー	強化	歯ごたえが強すぎるクッキー。食べると妙に身が固まる。	2	90	player:buff_defense:1.3:12	enemy:buff_defense:1.3:12	1	blunt	0	2	0.2	22	0	fixed	food,cookie,consumable,small	敵に打撃ダメージ（攻撃力1）｜防御力を上げる（1.3倍）	42	43	1	51	2	3	18	4		48	14	2	11	2					5									46	47	11	61	31	5	46	14	2	2	4		5														
item_giant_potion	巨大化薬	強化	飲むと体が大きくなる薬。扱いを間違えると敵も大きくなる。	5	280	player:status_giant:1.5:12	enemy:status_giant:1.5:12	0	none	0	1	0.4	23	0	fixed	consumable,potion,glass,fragile,small	巨大化状態を付与｜敵を巨大化させる		12	16	1	37	18	42	43	1	21	49	18	59	42	8	48	14	2	58	3	5	31	7		5				14	18	5	31	21	2	47	18	46	47	11	61	31	5	46	14	2	2	4		5					
item_poison_apple	毒リンゴ	弱体	見るからに体に悪そうなリンゴ。食べない方がいい。	2	60	player:status_poison:1:8	enemy:status_poison:1:8	0	none	0	1	0.2	24	0	fixed	food,apple,consumable,poison,small	毒状態を付与｜敵を毒させる	34	35	8	42	16	2	15	3		39	12		9	2					4									38	39	9	5	25	4	38	11		17	3		4														
item_slow_candy	のろまアメ	弱体	食べると動きが重くなるアメ。味も少し重い。	2	60	player:status_slow:0.65:8	enemy:status_slow:0.65:8	0	none	0	1	0.1	25	0	fixed	food,candy,consumable,small	鈍足状態を付与｜敵を鈍足させる	34	35	8	42	16	2	15	3		39	12		9	2					4									38	39	9	5	25	4	38	11		17	3		4														
item_paralyze_apple	麻痺リンゴ	弱体	舌がしびれるリンゴ。食べる理由はあまりない。	3	90	player:status_paralyze:1:4	enemy:status_paralyze:1:4	0	none	0	1	0.2	26	0	fixed	food,apple,consumable,small	麻痺状態を付与｜敵を麻痺させる	15	35	13	42	3	6	34	1		52	27	4	28	7		4			15	3		2						17	39	14	38	39	9	5	25	4	38	11		17	3		4											
item_sleep_apple	ねむリンゴ	弱体	食べると強烈に眠くなるリンゴ。とても静か。	3	90	player:status_sleep:1:5	enemy:status_sleep:1:5	0	none	0	1	0.2	27	0	fixed	food,apple,consumable,small	睡眠状態を付与｜敵を睡眠させる	15	35	13	42	3	6	34	1		52	27	4	28	7		4			15	3		2						17	39	14	38	39	9	5	25	4	38	11		17	3		4											
item_soft_cookie	ふにゃクッキー	弱体	食べると体の力が抜けるクッキー。持つだけで少し不安。	3	100	player:debuff_defense:0.75:10	enemy:debuff_defense:0.75:10	0	none	0	1	0.2	28	0	fixed	food,cookie,consumable,small	敵の防御力を下げる（0.75倍）	15	35	13	42	3	6	34	1		52	27	4	28	7		4			15	3		2						17	39	14	38	39	9	5	25	4	38	11		17	3		4											
item_fire_book	火の魔導書	魔導書	火の魔法が書かれた本。近くで読むと少し熱い。	4	260	player:cast_fire:24:0	player:cast_fire:24:0;area:light:2:0	14	fire	0	25	0.6	29	0	fixed	book,magic,paper,fragile,fire,small	敵に火ダメージ（攻撃力14）｜火魔法を発動する（威力24）	2	13	15	13	2	11	25	13	4	33	34	14	41	16	4	15	3		35	1	2	8						4	21	26	14	33	22	32	33	13	42	21	6	32	9	2	14	3		4								
item_inferno_book	業炎の魔導書	魔導書	激しい炎の魔法が書かれた上級の魔導書。ページの端が赤くゆらめいている。	6	620	player:cast_fire:38:0	player:cast_fire:38:0;area:light:2:0	22	fire	0	36	0.7	30	0	fixed	book,magic,paper,fragile,fire,small	敵に火ダメージ（攻撃力22）｜火魔法を発動する（威力38）		2	8		9	15	8	19	13	4	22	27	24	36	19	44	22	6	35	35	15	43	16	4	15	3			3	13		9	22	4	21	26	14	33	22	32	33	13	42	21	6	32	9	2	14	3		4		
item_ice_book	氷の魔導書	魔導書	氷の魔法が書かれた本。ページが少し冷たい。	4	260	player:cast_ice:20:0	player:cast_ice:20:0;area:light:2:0	12	ice	0	25	0.6	31	0	fixed	book,magic,paper,fragile,ice,small	敵に氷ダメージ（攻撃力12）｜氷魔法を発動する（威力20）｜敵を鈍足させる	2	13	15	13	2	11	25	13	4	33	34	14	41	16	4	15	3		35	1	2	8						4	21	26	14	33	22	32	33	13	42	21	6	32	9	2	14	3		4								
item_icecrystal_book	氷晶の魔導書	魔導書	氷晶の魔法が書かれた上級の魔導書。開くと細かな氷の粒がこぼれる。	6	620	player:cast_ice:32:0	player:cast_ice:32:0;area:light:2:0	19	ice	0	36	0.7	32	0	fixed	book,magic,paper,fragile,ice,small	敵に氷ダメージ（攻撃力19）｜氷魔法を発動する（威力32）｜敵を鈍足させる		2	8		9	15	8	19	13	4	22	27	24	36	19	44	22	6	35	35	15	43	16	4	15	3			3	13		9	22	4	21	26	14	33	22	32	33	13	42	21	6	32	9	2	14	3		4		
item_thunder_book	雷の魔導書	魔導書	雷の魔法が書かれた本。たまに勝手に光る。	5	320	player:cast_thunder:22:0	player:cast_thunder:22:0;area:light:2:0	13	thunder	0	25	0.6	33	0	fixed	book,magic,paper,fragile,thunder,small	敵に雷ダメージ（攻撃力13）｜雷魔法を発動する（威力22）｜敵を麻痺させる（20%）		6	13	4	16	15	19	19	8	15	34	23	41	29	1	33	1	2	46	23	7	25	6		4				9	22	4	21	26	14	33	22	32	33	13	42	21	6	32	9	2	14	3		4					
item_thunderclap_book	雷鳴の魔導書	魔導書	雷鳴の魔法が書かれた上級の魔導書。閉じていても低く鳴っている。	7	760	player:cast_thunder:36:0	player:cast_thunder:36:0;area:light:2:0	21	thunder	0	36	0.7	34	0	fixed	book,magic,paper,fragile,thunder,small	敵に雷ダメージ（攻撃力21）｜雷魔法を発動する（威力36）｜敵を麻痺させる（30%）			4		3	11	2	13	15		1	23	8	29	26	33	34	14	15	35	24	43	3	1	35	1	2			6		3	13		9	22	4	21	26	14	33	22	32	33	13	42	21	6	32	9	2	14	3	
item_wind_book	風の魔導書	魔導書	風の魔法が書かれた本。開くとページが勝手にめくれる。	4	260	player:cast_wind:18:0	player:cast_wind:18:0;area:light:2:0	10	wind	0	25	0.5	35	0	fixed	book,magic,paper,fragile,wind,small	敵に風ダメージ（攻撃力10）｜風魔法を発動する（威力18）｜敵をノックバックさせる（1）	2	13	15	13	2	11	25	13	4	33	34	14	41	16	4	15	3		35	1	2	8						4	21	26	14	33	22	32	33	13	42	21	6	32	9	2	14	3		4								
item_gale_book	疾風の魔導書	魔導書	疾風の魔法が書かれた上級の魔導書。持つと周囲の空気が細く流れる。	6	600	player:cast_wind:30:0	player:cast_wind:30:0;area:light:2:0	17	wind	0	34	0.55	36	0	fixed	book,magic,paper,fragile,wind,small	敵に風ダメージ（攻撃力17）｜風魔法を発動する（威力30）｜敵をノックバックさせる（1.5）		2	8		9	15	8	19	13	4	22	27	24	36	19	44	22	6	35	35	15	43	16	4	15	3			3	13		9	22	4	21	26	14	33	22	32	33	13	42	21	6	32	9	2	14	3		4		
item_earth_book	土の魔導書	魔導書	土の魔法が書かれた本。少し土のにおいがする。	5	340	player:cast_earth:20:0	player:cast_earth:20:0;area:light:2:0	12	earth	10	30	0.8	37	0	fixed	book,magic,paper,earth,magic_dig_tool,medium	敵に土ダメージ（攻撃力12）｜土魔法を発動する（威力20）｜土を掘れる（掘削力10）		6	13	4	16	15	19	19	8	15	34	23	41	29	1	33	1	2	46	23	7	25	6		4				9	22	4	21	26	14	33	22	32	33	13	42	21	6	32	9	2	14	3		4					
item_earthvein_book	地脈の魔導書	魔導書	地脈の魔法が書かれた上級の魔導書。地面の奥を流れる魔力に反応する。	7	780	player:cast_earth:34:0	player:cast_earth:34:0;area:light:2:0	20	earth	18	42	0.9	38	0	fixed	book,magic,paper,earth,magic_dig_tool,medium	敵に土ダメージ（攻撃力20）｜土魔法を発動する（威力34）｜硬い地形を掘れる（掘削力18）			4		3	11	2	13	15		1	23	8	29	26	33	34	14	15	35	24	43	3	1	35	1	2			6		3	13		9	22	4	21	26	14	33	22	32	33	13	42	21	6	32	9	2	14	3	
item_iron_sword	鉄の剣	武器	扱いやすい普通の剣。攻撃力と重さのバランスがよい。	2	180	none	none	18	slash	1	70	1.5	39	-25	outward	weapon,metal,blade,medium	敵に斬撃ダメージ（攻撃力18）	29	3	12	35	14	3	13	2		33	1	2	8						4									32	33	13	42	21	6	32	9	2	14	3		4														
item_ice_sword	氷の剣	武器	冷たい刃を持つ剣。斬りつけた敵に氷の力を流し込む。	4	420	none	item:slash_power:1.12:0	24	ice	1	82	1.45	40	-25	outward	weapon,metal,blade,ice,medium	敵に氷ダメージ（攻撃力24）	3	2	24	2	31	16	38	2	5	33	34	14	41	16	4	15	3		35	1	2	8						4	21	26	14	33	22	32	33	13	42	21	6	32	9	2	14	3		4								
item_silver_sword	銀の剣	武器	軽く磨かれた銀色の剣。振り抜きやすく、急所を狙いやすい。	4	460	none	item:[critical_chance,critical_power]:[18,1.5]:0	22	slash	1	76	1.05	41	-25	outward	weapon,metal,blade,medium	敵に斬撃ダメージ（攻撃力22）｜会心率を上げる（18%）	3	2	24	2	31	16	38	2	5	33	34	14	41	16	4	15	3		35	1	2	8						4	21	26	14	33	22	32	33	13	42	21	6	32	9	2	14	3		4								
item_flameblade_sword	炎刃の剣	武器	炎をまとった刃を持つ剣。癖が少なく、火力も安定している。	5	560	none	item:slash_power:1.15:0	28	fire	1	86	1.55	42	-25	outward	weapon,metal,blade,fire,medium	敵に火ダメージ（攻撃力28）		8	2	7	25	23	29	3	12	15	34	23	41	29	1	33	1	2	46	23	7	25	6		4				9	22	4	21	26	14	33	22	32	33	13	42	21	6	32	9	2	14	3		4					
item_galaxy_sword	銀河の剣	武器	星の流れを刃に宿した最上位の剣。攻撃、会心、扱いやすさのすべてが高い。	7	980	none	item:[critical_chance,critical_power]:[14,1.6]:0;orbit:orbit_power:1.1:0	34	slash	1	105	1.6	43	-25	outward	weapon,metal,blade,magic,medium	敵に斬撃ダメージ（攻撃力34）｜会心率を上げる（14%）｜軌道出力を変える（1.1倍）			5		5	16	3	2	24		1	23	8	29	26	33	34	14	15	35	24	43	3	1	35	1	2			6		3	13		9	22	4	21	26	14	33	22	32	33	13	42	21	6	32	9	2	14	3	
item_great_sword	大剣	武器	重く大きな剣。扱いにくいが、当たれば強い。	4	320	none	enemy:knockback:1:0	34	slash	1	90	3.5	44	-25	outward	weapon,metal,blade,heavy,large	敵に斬撃ダメージ（攻撃力34）｜敵をノックバックさせる（1）	3	2	24	2	31	16	38	2	5	33	34	14	41	16	4	15	3		35	1	2	8						4	21	26	14	33	22	32	33	13	42	21	6	32	9	2	14	3		4								
item_giantblade_great_sword	巨刃の大剣	武器	巨大な刃を持つ大剣。回転に巻き込まれた敵を力任せに弾く。	6	720	none	enemy:knockback:1.45:0	46	slash	1	110	4.3	45	-25	outward	weapon,metal,blade,heavy,large	敵に斬撃ダメージ（攻撃力46）｜敵をノックバックさせる（1.45）		2	12		14	23	13	3	2	4	22	27	24	36	19	44	22	6	35	35	15	43	16	4	15	3			3	13		9	22	4	21	26	14	33	22	32	33	13	42	21	6	32	9	2	14	3		4		
item_starbreaker_great_sword	星砕きの大剣	武器	星の殻すら砕くと言われる重い大剣。速く回るほど破壊力が増す。	8	1280	none	orbit:damage_speed:1.32:0	58	slash	2	130	5.4	46	-25	outward	weapon,metal,blade,heavy,large	敵に斬撃ダメージ（攻撃力58）｜速度によるダメージ補正を強める（1.32倍）			2			8		8	2		3	14	2	16	26	15	34	23	4	23	28	25	37	2	46	23	7			2			6		3	13		9	22	4	21	26	14	33	22	32	33	13	42	21	6	32	9	2
item_spear	槍	武器	長い柄を持つ武器。少し離れた敵に当てやすい。	3	220	none	none	22	pierce	1	75	1.8	47	-35	outward	weapon,metal,pierce,medium,long_reach	敵に刺突ダメージ（攻撃力22）	13	3	2	35	25	8	29	8	2	44	22	6	24	6		4			15	3		2						14	33	22	32	33	13	42	21	6	32	9	2	14	3		4											
item_steel_spear	鋼の槍	武器	鋼で補強された槍。長いリーチを保ったまま、攻撃力が上がっている。	5	520	none	none	30	pierce	1	92	2	48	-35	outward	weapon,metal,pierce,medium,long_reach	敵に刺突ダメージ（攻撃力30）		8	2	7	25	23	29	3	12	15	34	23	41	29	1	33	1	2	46	23	7	25	6		4				9	22	4	21	26	14	33	22	32	33	13	42	21	6	32	9	2	14	3		4					
item_meteor_spear	流星の槍	武器	流星のように外側を切り裂く槍。遠い間合いから急所を貫く。	7	920	none	item:[critical_chance,critical_power,item_orbit_offset]:[16,1.55,12]:0	34	pierce	1	102	2.15	49	-35	outward	weapon,metal,pierce,medium,long_reach	敵に刺突ダメージ（攻撃力34）｜会心率を上げる（16%）			5		5	16	3	2	24		1	23	8	29	26	33	34	14	15	35	24	43	3	1	35	1	2			6		3	13		9	22	4	21	26	14	33	22	32	33	13	42	21	6	32	9	2	14	3	
item_hammer	ハンマー	武器	重い頭で敵を叩く武器。まれに敵をひるませる。	3	260	none	enemy:status_stun_chance:20:1	26	blunt	3	85	2.8	50	-35	outward	weapon,metal,heavy,medium	敵に打撃ダメージ（攻撃力26）｜敵を気絶させる（20%）	13	3	2	35	25	8	29	8	2	44	22	6	24	6		4			15	3		2						14	33	22	32	33	13	42	21	6	32	9	2	14	3		4											
item_rockcrusher_mace	岩砕きの槌	武器	岩を砕くために作られた重い槌。硬い地形に強く、敵もひるませる。	5	640	none	terrain:dig_hard:10:0;enemy:[status_stun_chance,knockback]:[22,1.15]:1	34	blunt	8	105	3.4	51	-35	outward	weapon,metal,heavy,medium,hard_dig_tool	敵に打撃ダメージ（攻撃力34）｜硬い地形を掘れる（掘削力8）｜敵を気絶させる（22%）｜敵をノックバックさせる（1.15）		8	2	7	25	23	29	3	12	15	34	23	41	29	1	33	1	2	46	23	7	25	6		4				9	22	4	21	26	14	33	22	32	33	13	42	21	6	32	9	2	14	3		4					
item_earthsplit_mace	地割りの槌	武器	地面を割るような衝撃を出す槌。敵を強く吹き飛ばし、硬い地形も壊す。	7	980	none	terrain:dig_hard:8:0;enemy:[status_stun_chance,knockback]:[30,1.55]:1.2	42	blunt	6	125	3.9	52	-35	outward	weapon,metal,heavy,medium,hard_dig_tool	敵に打撃ダメージ（攻撃力42）｜硬い地形を掘れる（掘削力6）｜敵を気絶させる（30%）｜敵をノックバックさせる（1.55）			5		5	16	3	2	24		1	23	8	29	26	33	34	14	15	35	24	43	3	1	35	1	2			6		3	13		9	22	4	21	26	14	33	22	32	33	13	42	21	6	32	9	2	14	3	
item_bat	バット	武器	木でできた棒状の武器。飛んできたものを打ち返せる。	2	120	none	projectile:reflect_physical:1:0	16	blunt	0	65	1	53	-35	outward	weapon,wood,medium,projectile_counter	敵に打撃ダメージ（攻撃力16）｜物理弾を反射	29	3	12	35	14	3	13	2		33	1	2	8						4									32	33	13	42	21	6	32	9	2	14	3		4														
item_metal_bat	金属バット	武器	金属製のバット。木のバットより重いが、反射と打撃性能が高い。	4	420	none	projectile:reflect_physical_chance:65:0;enemy:knockback:1.25:0	24	blunt	0	90	1.7	54	-35	outward	weapon,metal,medium,projectile_counter	敵に打撃ダメージ（攻撃力24）｜物理弾を確率で反射（65%）｜敵をノックバックさせる（1.25）	3	2	24	2	31	16	38	2	5	33	34	14	41	16	4	15	3		35	1	2	8						4	21	26	14	33	22	32	33	13	42	21	6	32	9	2	14	3		4								
item_destruction_bat	破壊のバット	武器	殴ることだけを考えて作られた危険なバット。敵も弾も力任せに吹き飛ばす。	6	780	none	projectile:reflect_physical:1:0;enemy:knockback:1.65:0	32	blunt	1	105	2.3	55	-35	outward	weapon,metal,heavy,medium,projectile_counter	敵に打撃ダメージ（攻撃力32）｜物理弾を反射｜敵をノックバックさせる（1.65）		2	12		14	23	13	3	2	4	22	27	24	36	19	44	22	6	35	35	15	43	16	4	15	3			3	13		9	22	4	21	26	14	33	22	32	33	13	42	21	6	32	9	2	14	3		4		
item_frying_pan	フライパン	武器	料理より防御に向いている気がするフライパン。	3	170	none	projectile:guard:1:0;projectile:reflect_physical_chance:40:0	12	blunt	0	70	1.3	56	-35	outward	weapon,metal,medium,guard_projectile,projectile_counter	敵に打撃ダメージ（攻撃力12）｜弾を防ぐ｜物理弾を確率で反射（40%）	13	3	2	35	25	8	29	8	2	44	22	6	24	6		4			15	3		2						14	33	22	32	33	13	42	21	6	32	9	2	14	3		4											
item_bowling_ball	ボウリングの玉	武器	やたら重い玉。速く回るほどひどいことになる。	5	300	none	orbit:damage_speed:1:0	38	blunt	1	100	5	57	0	spin:180	weapon,heavy,round,large	敵に打撃ダメージ（攻撃力38）｜速度によるダメージ補正を強める（1倍）		8	2	7	25	23	29	3	12	15	34	23	41	29	1	33	1	2	46	23	7	25	6		4				9	22	4	21	26	14	33	22	32	33	13	42	21	6	32	9	2	14	3		4					
item_spiked_bat	釘バット	武器	釘が打ち込まれた危ないバット。打ち返すより殴る方に向く。	5	340	none	enemy:status_bleed:1:5	28	pierce	0	70	1.4	58	-35	outward	weapon,wood,metal,medium	敵に刺突ダメージ（攻撃力28）｜敵を出血させる		8	2	7	25	23	29	3	12	15	34	23	41	29	1	33	1	2	46	23	7	25	6		4				9	22	4	21	26	14	33	22	32	33	13	42	21	6	32	9	2	14	3		4					
item_hard_bread	かたいパン	武器	食べ物のはずだが、ほとんど鈍器。	2	50	player:heal:8:0	enemy:status_stun_chance:5:1	10	blunt	0	3	0.3	59	-35	outward	food,weapon,consumable,small	敵に打撃ダメージ（攻撃力10）｜HPを回復する（8）｜敵を気絶させる（5%）	29	3	12	35	14	3	13	2		33	1	2	8						4									32	33	13	42	21	6	32	9	2	14	3		4														
item_wood_shield	木の盾	盾	木でできた軽い盾。頼りないが、ないよりはずっといい。	2	120	none	projectile:guard:1:0	0	none	0	50	1.2	60	-10	outward	shield,wood,guard_projectile,medium	弾を防ぐ	18	18	8	22	8	2	8			31	9	2	7						4									3	31	13	4	2	6	3	9	2	13	3		3														
item_iron_shield	鉄の盾	盾	鉄でできた盾。重いぶんしっかり防ぐ。	4	260	none	projectile:guard:1.4:0	0	none	0	90	2.5	61	-10	outward	shield,metal,guard_projectile,guard_contact,heavy,medium	弾を防ぐ	2	12	15	13	19	1	23	12	3	31	32	13	39	15	3	14	3		33	1	2	8						3	2	25	13	31	21	3	31	13	4	2	6	3	9	2	13	3		3								
item_spike_shield	トゲ盾	盾	表面にトゲがついた盾。守るついでに刺さる。	5	320	none	projectile:guard:1:0	14	pierce	0	70	2	62	-10	outward	shield,metal,spike,guard_projectile,contact_damage,medium	敵に刺突ダメージ（攻撃力14）｜弾を防ぐ		5	12	4	16	14	18	18	8	14	32	22	39	28	9	31	9	2	43	22	6	23	5		4				9	21	3	2	25	13	31	21	3	31	13	4	2	6	3	9	2	13	3		3					
item_mirror_shield	ミラーシールド	盾	表面が鏡のように光る盾。魔法を跳ね返す。	6	420	none	projectile:[reflect_magic,reflect_water]:[1,1]:0	0	none	0	60	1.8	63	-10	outward	shield,metal,magic,projectile_counter,medium	魔法弾を反射｜水弾を反射			8		8	14	8	18	12	4	21	26	22	34	18	41	21	6	33	34	14	4	15	4	14	3			3	13		9	21	3	2	25	13	31	21	3	31	13	4	2	6	3	9	2	13	3		3		
item_holey_shield	穴あき盾	盾	穴だらけの盾。防げるものと防げないものがはっきりしている。	3	140	none	projectile:guard_large:1:0	0	none	0	45	0.9	64	-10	outward	shield,wood,guard_large_projectile,medium	大型弾を防ぐ	8	18	12	22	16	5	18	5		41	21	6	22	5		4			14	3								13	31	21	3	31	13	4	2	6	3	9	2	13	3		3											
item_starsteel_shield	星鋼の盾	盾	星の光を含んだ鋼で作られた盾。重いが、弾を受け止める力が強い。	7	820	none	projectile:guard:1.8:0;projectile:reflect_physical_chance:35:0	2	blunt	0	130	3	65	-10	outward	shield,metal,magic,guard_projectile,projectile_counter,heavy	敵に打撃ダメージ（攻撃力2）｜弾を防ぐ｜物理弾を確率で反射（35%）			3		3	1	2	12	15		9	22	7	28	25	31	32	13	14	34	23	4	29	1	33	1	2			6		3	13		9	21	3	2	25	13	31	21	3	31	13	4	2	6	3	9	2	13	3	
item_guardianstar_greatshield	守護星の大盾	盾	守護星の加護を宿した最上位の大盾。非常に重いが、多くの弾を受け止める。	9	1500	none	projectile:[guard,guard_large,reflect_physical_chance,reflect_magic_chance,reflect_water_chance]:[2.2,1,45,25,25]:0	4	magic	0	180	4.2	66	-10	outward	shield,metal,magic,guard_projectile,guard_large_projectile,projectile_counter,heavy,large	敵に魔法ダメージ（攻撃力4）｜弾を防ぐ｜大型弾を防ぐ｜物理弾を確率で反射（45%）｜魔法弾を確率で反射（25%）｜水弾を確率で反射（25%）						2			8			6		5	18	4	21	26		1	23	8	29	26	33	34	14						2			6		3	13		9	21	3	2	25	13	31	21	3	31	13	4	2	6
treasure_asakou_01	くすんだ銀貨	宝	くすんだ銀貨。拠点で売却できる換金用の宝。	1	45	none	terrain:dig:1:0	0	none	1	-1	0.05	67	0	spin:120	treasure,money,metal,small,round	なし	12	76	23	74	19	4	12	2																				12	84	25	114	36	8	5	1	2	5																	
treasure_asakou_02	古びた銅貨束	宝	古びた銅貨束。拠点で売却できる換金用の宝。	1	60	none	terrain:dig:2:0	0	none	2	-1	0.12	68	0	spin:120	treasure,money,metal,small,round	なし	12	76	23	74	19	4	12	2																				12	84	25	114	36	8	5	1	2	5																	
treasure_asakou_03	銀の腕輪	宝	銀の腕輪。拠点で売却できる換金用の宝。	2	120	none	terrain:dig:1:0	0	none	1	-1	0.18	69	0	fixed	treasure,metal,small,round,jewelry	なし	14	116	52	12	53	13	46	1	2																			114	12	57	12	84	25	114	36	8	18	4		5														
treasure_asakou_04	鉱夫の記章	宝	鉱夫の記章。拠点で売却できる換金用の宝。	2	100	none	terrain:dig:1:0	0	none	1	-1	0.08	70	0	fixed	treasure,relic,metal,small	なし	14	116	52	12	53	13	46	1	2																			114	12	57	12	84	25	114	36	8	18	4		5														
treasure_asakou_05	瑪瑙	宝	瑪瑙。拠点で売却できる換金用の宝。	2	130	none	terrain:dig:2:0	0	none	2	-1	0.12	71	0	fixed	treasure,gem,stone,small	なし	14	116	52	12	53	13	46	1	2																			114	12	57	12	84	25	114	36	8	18	4		5														
treasure_asakou_06	青鉱石	宝	冷気を帯びた青い鉱石。リングに乗せると氷の力をまとって敵を鈍らせる。	1	75	none	terrain:dig:5:0	3	ice	5	-1	0.35	72	0	fixed	treasure,ore,stone,ice,medium,contact_damage	敵に氷ダメージ（攻撃力3）	12	76	23	74	19	4	12	2																				12	84	25	114	36	8	5	1	2	5																	
treasure_asakou_07	赤鉱石	宝	熱を帯びた赤い鉱石。リングに乗せると火の力をまとった接触ダメージを与える。	1	75	none	orbit:cast_fire:1:0;terrain:dig:5:0	3	fire	5	-1	0.35	73	0	fixed	treasure,ore,stone,fire,medium,contact_damage	敵に火ダメージ（攻撃力3）｜火魔法を発動する（威力1）	12	76	23	74	19	4	12	2																				12	84	25	114	36	8	5	1	2	5																	
treasure_asakou_08	緑鉱石	宝	緑鉱石。拠点で売却できる換金用の宝。	1	75	none	terrain:dig:4:0	0	none	4	-1	0.35	74	0	fixed	treasure,ore,stone,medium	なし	12	76	23	74	19	4	12	2																				12	84	25	114	36	8	5	1	2	5																	
treasure_asakou_09	古い真鍮ベル	宝	古い真鍮製のベル。リングでぶつけると音が鳴り、敵をひるませることがある。	2	115	none	orbit:hit_sound:2:0;enemy:status_stun_chance:15:1.2;terrain:dig:2:0	1	blunt	2	-1	0.28	75	-10	fixed	treasure,relic,metal,small,round,noisy,contact_damage	敵に打撃ダメージ（攻撃力1）｜敵を気絶させる（15%）	14	116	52	12	53	13	46	1	2																			114	12	57	12	84	25	114	36	8	18	4		5														
treasure_asakou_10	ひび入りの鏡	宝	ひびの入った古い鏡。鏡面に残った力で魔法弾を低確率で反射する。	1	70	none	projectile:reflect_magic_chance:12:0;terrain:dig:1:0	0	none	1	8	0.25	76	0	fixed	treasure,relic,glass,mirror,small,fragile	魔法弾を確率で反射（12%）	12	76	23	74	19	4	12	2																				12	84	25	114	36	8	5	1	2	5																	
treasure_asakou_11	宝石箱	宝	宝石箱。拠点で売却できる換金用の宝。	3	260	none	terrain:dig:2:0	0	none	2	-1	0.7	77	0	fixed	treasure,relic,wood,metal,medium,container	なし	46	116	84	12	99	36	14	33	7																			5	12	93	114	12	57	12	84	25	41	13	3	18	4													
treasure_asakou_12	古い燭台	宝	古い燭台。拠点で売却できる換金用の宝。	2	125	none	terrain:dig:3:0	0	none	3	-1	0.45	78	-10	fixed	treasure,relic,metal,medium	なし	14	116	52	12	53	13	46	1	2																			114	12	57	12	84	25	114	36	8	18	4		5														
treasure_asakou_13	銀のティーカップ	宝	銀のティーカップ。拠点で売却できる換金用の宝。	2	150	none	terrain:dig:1:0	0	none	1	-1	0.18	79	0	fixed	treasure,relic,metal,small,round,vessel	なし	14	116	52	12	53	13	46	1	2																			114	12	57	12	84	25	114	36	8	18	4		5														
treasure_asakou_14	金装飾の椅子	宝	金装飾の椅子。拠点で売却できる換金用の宝。	3	320	none	terrain:dig:3:0	0	none	3	-1	2.4	80	0	fixed	treasure,relic,wood,metal,large,heavy	なし	46	116	84	12	99	36	14	33	7																			5	12	93	114	12	57	12	84	25	41	13	3	18	4													
treasure_asakou_15	錆びた鍵束	宝	錆びた鍵束。拠点で売却できる換金用の宝。	1	50	none	terrain:dig:2:0	0	none	2	-1	0.16	81	-15	fixed	treasure,relic,metal,small	なし	12	76	23	74	19	4	12	2																				12	84	25	114	36	8	5	1	2	5																	
treasure_asakou_16	銀縁の額縁	宝	銀縁の額縁。拠点で売却できる換金用の宝。	2	140	none	terrain:dig:1:0	0	none	1	-1	0.5	82	-10	fixed	treasure,relic,wood,metal,medium	なし	14	116	52	12	53	13	46	1	2																			114	12	57	12	84	25	114	36	8	18	4		5														
treasure_asakou_17	古の懐中時計	宝	古い時代の懐中時計。リングで当てると時間が乱れ、敵を鈍らせることがある。	3	280	none	enemy:status_slow_chance:28:4;terrain:dig:1:0	1	magic	1	-1	0.12	83	0	fixed	treasure,relic,metal,timepiece,small,contact_damage	敵に魔法ダメージ（攻撃力1）｜敵を鈍足させる（28%）	46	116	84	12	99	36	14	33	7																			5	12	93	114	12	57	12	84	25	41	13	3	18	4													
treasure_asakou_18	木彫りの女神像	宝	木彫りの女神像。拠点で売却できる換金用の宝。	2	170	none	none	0	none	0	-1	0.8	84	0	fixed	treasure,relic,wood,holy,medium	なし	14	116	52	12	53	13	46	1	2																			114	12	57	12	84	25	114	36	8	18	4		5														
treasure_asakou_19	ガーネット	宝	ガーネット。拠点で売却できる換金用の宝。	3	240	none	terrain:dig:2:0	0	none	2	-1	0.08	85	0	fixed	treasure,gem,stone,small	なし	46	116	84	12	99	36	14	33	7																			5	12	93	114	12	57	12	84	25	41	13	3	18	4													
treasure_asakou_20	トパーズ	宝	トパーズ。拠点で売却できる換金用の宝。	3	260	none	terrain:dig:2:0	0	none	2	-1	0.08	86	0	fixed	treasure,gem,stone,small	なし	46	116	84	12	99	36	14	33	7																			5	12	93	114	12	57	12	84	25	41	13	3	18	4													
treasure_asakou_21	アメジスト	宝	アメジスト。拠点で売却できる換金用の宝。	3	230	none	terrain:dig:2:0	0	none	2	-1	0.08	87	0	fixed	treasure,gem,stone,small	なし	46	116	84	12	99	36	14	33	7																			5	12	93	114	12	57	12	84	25	41	13	3	18	4													
treasure_asakou_22	ラピスラズリ	宝	ラピスラズリ。拠点で売却できる換金用の宝。	3	250	none	terrain:dig:2:0	0	none	2	-1	0.1	88	0	fixed	treasure,gem,stone,small	なし	46	116	84	12	99	36	14	33	7																			5	12	93	114	12	57	12	84	25	41	13	3	18	4													
treasure_asakou_23	ペリドット	宝	ペリドット。拠点で売却できる換金用の宝。	3	240	none	terrain:dig:2:0	0	none	2	-1	0.08	89	0	fixed	treasure,gem,stone,small	なし	46	116	84	12	99	36	14	33	7																			5	12	93	114	12	57	12	84	25	41	13	3	18	4													
treasure_asakou_24	黄金琥珀	宝	黄金色に透ける琥珀。リングに乗せると淡い光を放つ。	4	420	none	area:light:1:0;terrain:dig:1:0	0	none	1	-1	0.14	90	0	fixed	treasure,gem,stone,light_source,small	周囲を照らす（光量1）	12	76	99	74	12	69	12	76	23																			13	84	19	5	12	93	114	12	57	54	3	9	41	13	3	3											
treasure_asakou_25	鉱夫長の銀杯	宝	鉱夫長の銀杯。拠点で売却できる換金用の宝。	4	460	none	terrain:dig:2:0	0	none	2	-1	0.35	91	0	fixed	treasure,relic,metal,medium,vessel	なし	12	76	99	74	12	69	12	76	23																			13	84	19	5	12	93	114	12	57	54	3	9	41	13	3	3											
treasure_asakou_26	古坑道の金印	宝	古坑道の金印。拠点で売却できる換金用の宝。	5	650	none	terrain:dig:3:0	0	none	3	-1	0.25	92	0	spin:80	treasure,relic,metal,small,heavy	なし	2	33	84	25	99	95	14	116	52																			2	36	93	13	84	19	5	12	93	41	46	2	54	3	9	7	2		3								
treasure_asakou_27	地下礼拝堂の聖玉	宝	地下礼拝堂に残されていた聖なる宝玉。淡い光と回復の力を持つ。	5	720	none	area:light:2:0;player:regen:0.12:0;terrain:dig:3:0	0	none	3	-1	0.3	93	0	spin:80	treasure,relic,stone,holy,light_source,medium,round	周囲を照らす（光量2）	2	33	84	25	99	95	14	116	52																			2	36	93	13	84	19	5	12	93	41	46	2	54	3	9	7	2		3								
treasure_asakou_28	埋もれた宝冠	宝	埋もれた宝冠。拠点で売却できる換金用の宝。	5	780	none	terrain:dig:3:0	0	none	3	-1	0.55	94	0	fixed	treasure,relic,metal,stone,royal,medium,jewelry	なし	2	33	84	25	99	95	14	116	52																			2	36	93	13	84	19	5	12	93	41	46	2	54	3	9	7	2		3								
treasure_asakou_29	星くずの欠片	宝	鋭くとがった星くずの欠片。速く回すほど切り裂く力が増す。	2	160	none	area:light:1:0;terrain:dig:4:0	4	slash	4	-1	0.08	95	-25	outward	treasure,stone,star_fragment,blade,small,contact_damage,light_source,fragment	敵に斬撃ダメージ（攻撃力4）｜周囲を照らす（光量1）	14	116	52	12	53	13	46	1	2																			114	12	57	12	84	25	114	36	8	18	4		5														
treasure_asakou_30	星砂の小瓶	宝	星のように光る砂を入れた小瓶。リングに乗せると周囲を少し照らす。	3	300	none	area:light:1:0;terrain:dig:1:0	0	none	1	10	0.18	96	0	fixed	treasure,glass,stone,star_fragment,light_source,small,fragile	周囲を照らす（光量1）	46	116	84	12	99	36	14	33	7																			5	12	93	114	12	57	12	84	25	41	13	3	18	4													
treasure_haiki_31	魔法の金属片	宝	魔法の金属片。拠点で売却できる換金用の宝。	2	140	none	terrain:dig:4:0	0	none	4	-1	0.25	97	-25	outward	treasure,metal,small,fragment,magic	なし										14	33	7	25	4		2												18	2	9	24	13	4	11	35	8	48	1	2	12	2		2											
treasure_haiki_32	錆びた魔法歯車	宝	錆びた魔法歯車。拠点で売却できる換金用の宝。	2	160	none	terrain:dig:3:0	0	none	3	-1	0.35	98	0	spin:120	treasure,metal,round,small,mechanical,magic	なし										14	33	7	25	4		2												18	2	9	24	13	4	11	35	8	48	1	2	12	2		2											
treasure_haiki_33	魔導コイル	宝	魔導装置から外れたコイル。リングに乗せると帯電し、敵を麻痺させることがある。	3	240	none	enemy:status_paralyze_chance:18:2.2;terrain:dig:3:0	3	thunder	3	-1	0.45	99	-20	outward	treasure,metal,thunder,medium,contact_damage,mechanical,magic	敵に雷ダメージ（攻撃力3）｜敵を麻痺させる（18%）										12	76	23	74	19	4	12	2											8	2	15	18	2	9	12	8	24	11	35	8	48	1	2	12	2										
treasure_haiki_34	銀の留め具	宝	銀の留め具。拠点で売却できる換金用の宝。	2	150	none	terrain:dig:1:0	0	none	1	-1	0.08	100	0	fixed	treasure,metal,small	なし										14	33	7	25	4		2												18	2	9	24	13	4	11	35	8	48	1	2	12	2		2											
treasure_haiki_35	青銅の小像	宝	青銅の小像。拠点で売却できる換金用の宝。	3	260	none	terrain:dig:3:0	0	none	3	-1	0.65	101	0	fixed	treasure,relic,metal,medium	なし										12	76	23	74	19	4	12	2											8	2	15	18	2	9	12	8	24	11	35	8	48	1	2	12	2										
treasure_haiki_36	翡翠の手鏡	宝	ヒビの入った手鏡。鏡なので魔法弾を反射しやすいが、壊れやすい。	2	180	none	projectile:reflect_magic_chance:25:0;terrain:dig:1:0	0	none	1	7	0.28	102	0	fixed	treasure,glass,metal,mirror,small,fragile	魔法弾を確率で反射（25%）										14	33	7	25	4		2												18	2	9	24	13	4	11	35	8	48	1	2	12	2		2											
treasure_haiki_37	魔導炉の破片	宝	古い魔導炉から剥がれた破片。まだ熱を帯びており、火の接触ダメージを与える。	3	230	none	orbit:cast_fire:1:0;terrain:dig:4:0	4	fire	4	-1	0.5	103	-25	outward	treasure,metal,fire,medium,contact_damage,mechanical,fragment,magic	敵に火ダメージ（攻撃力4）｜火魔法を発動する（威力1）										12	76	23	74	19	4	12	2											8	2	15	18	2	9	12	8	24	11	35	8	48	1	2	12	2										
treasure_haiki_38	金のしおり	宝	金のしおり。拠点で売却できる換金用の宝。	3	280	none	none	0	none	0	-1	0.04	104	-25	fixed	treasure,metal,paper,small,magic,relic	なし										12	76	23	74	19	4	12	2											8	2	15	18	2	9	12	8	24	11	35	8	48	1	2	12	2										
treasure_haiki_39	割れた水晶玉	宝	割れた水晶玉。力は弱まっているが、近くの宝にかすかに反応する。	2	170	none	terrain:dig:2:0	0	none	2	8	0.4	105	0	spin:90	treasure,glass,stone,medium,fragile,round	なし										14	33	7	25	4		2												18	2	9	24	13	4	11	35	8	48	1	2	12	2		2											
treasure_haiki_40	魔力の結晶玉	宝	魔力を含んだ結晶玉。リングに乗せると接触威力を高める。	4	420	none	enemy:status_stun_chance:10:1.5;terrain:dig:3:0	0	none	3	-1	0.35	106	0	spin:90	treasure,stone,magic,medium,round	敵を気絶させる（10%）										14	116	52	12	53	13	46	1	2										2	13	17	8	2	15	11	12	55	12	8	24	11	35	8	48	1	2	4								
treasure_haiki_41	魔導銀貨	宝	魔導銀貨。拠点で売却できる換金用の宝。	2	130	none	terrain:dig:1:0	0	none	1	-1	0.05	107	0	spin:120	treasure,money,metal,small,round	なし										14	33	7	25	4		2												18	2	9	24	13	4	11	35	8	48	1	2	12	2		2											
treasure_haiki_42	魔導金貨	宝	魔導金貨。拠点で売却できる換金用の宝。	3	280	none	terrain:dig:1:0	0	none	1	-1	0.05	108	0	spin:120	treasure,money,metal,small,round	なし										12	76	23	74	19	4	12	2											8	2	15	18	2	9	12	8	24	11	35	8	48	1	2	12	2										
treasure_haiki_43	ルーン刻印の金貨	宝	ルーン刻印の金貨。拠点で売却できる換金用の宝。	4	430	none	terrain:dig:1:0	0	none	1	-1	0.05	109	0	spin:120	treasure,money,metal,small,round	なし										14	116	52	12	53	13	46	1	2										2	13	17	8	2	15	11	12	55	12	8	24	11	35	8	48	1	2	4								
treasure_haiki_44	歯車細工の宝箱	宝	歯車細工の宝箱。拠点で売却できる換金用の宝。	4	520	none	terrain:dig:3:0	0	none	3	-1	0.9	110	0	fixed	treasure,metal,wood,medium,heavy,container,mechanical,relic	なし										14	116	52	12	53	13	46	1	2										2	13	17	8	2	15	11	12	55	12	8	24	11	35	8	48	1	2	4								
treasure_haiki_45	宝石仕掛けの小箱	宝	宝石仕掛けの小箱。拠点で売却できる換金用の宝。	4	560	none	terrain:dig:3:0	0	none	3	-1	0.5	111	0	fixed	treasure,metal,stone,medium,container,relic	なし										14	116	52	12	53	13	46	1	2										2	13	17	8	2	15	11	12	55	12	8	24	11	35	8	48	1	2	4								
treasure_haiki_46	曲がった王冠	宝	曲がった王冠。拠点で売却できる換金用の宝。	3	360	none	terrain:dig:2:0	0	none	2	-1	0.45	112	0	fixed	treasure,metal,royal,medium,jewelry,relic	なし										12	76	23	74	19	4	12	2											8	2	15	18	2	9	12	8	24	11	35	8	48	1	2	12	2										
treasure_haiki_47	銀翼の冠	宝	銀翼の冠。拠点で売却できる換金用の宝。	5	780	none	terrain:dig:3:0	0	none	3	-1	0.5	113	0	fixed	treasure,metal,stone,royal,medium,jewelry,relic	なし										46	116	84	12	99	36	14	33	7											6	15	2	13	17	48	12	89	11	12	55	12	8	24	11	35	8	14	3		4					
treasure_haiki_48	虹のプリズム	宝	虹色に光を分けるプリズム。反射した光で敵の視界を乱すことがある。	4	500	none	terrain:dig:2:0	2	magic	2	12	0.28	114	0	spin:60	treasure,glass,stone,prism,small,fragile,contact_damage	敵に魔法ダメージ（攻撃力2）										14	116	52	12	53	13	46	1	2										2	13	17	8	2	15	11	12	55	12	8	24	11	35	8	48	1	2	4								
treasure_haiki_49	マナクリスタル	宝	魔力を帯びた結晶。リングに乗せると接触威力を高める。	4	480	none	terrain:dig:2:0	0	none	2	-1	0.22	115	0	fixed	treasure,gem,stone,magic,small	なし										14	116	52	12	53	13	46	1	2										2	13	17	8	2	15	11	12	55	12	8	24	11	35	8	48	1	2	4								
treasure_haiki_50	ルーンスピネル	宝	ルーンスピネル。拠点で売却できる換金用の宝。	4	520	none	terrain:dig:2:0	0	none	2	-1	0.09	116	0	fixed	treasure,gem,stone,small	なし										14	116	52	12	53	13	46	1	2										2	13	17	8	2	15	11	12	55	12	8	24	11	35	8	48	1	2	4								
treasure_haiki_51	アクアマリン	宝	澄んだ青色の宝石。水の力と相性がよく、水系攻撃を低確率で反射する。	3	350	none	terrain:dig:2:0	3	water	2	-1	0.08	117	0	fixed	treasure,gem,stone,water,small,contact_damage	敵に水ダメージ（攻撃力3）										12	76	23	74	19	4	12	2											8	2	15	18	2	9	12	8	24	11	35	8	48	1	2	12	2										
treasure_haiki_52	ムーンストーンレンズ	宝	月の光を思わせるレンズ。暗い場所と隠れたものに反応する。	4	460	none	area:light:1:0;terrain:dig:1:0	0	none	1	10	0.18	118	0	fixed	treasure,gem,glass,stone,light_source,small,fragile	周囲を照らす（光量1）										14	116	52	12	53	13	46	1	2										2	13	17	8	2	15	11	12	55	12	8	24	11	35	8	48	1	2	4								
treasure_haiki_53	フローライト宝玉	宝	フローライト宝玉。拠点で売却できる換金用の宝。	4	490	none	terrain:dig:2:0	0	none	2	-1	0.22	119	0	fixed	treasure,gem,stone,small,round	なし										14	116	52	12	53	13	46	1	2										2	13	17	8	2	15	11	12	55	12	8	24	11	35	8	48	1	2	4								
treasure_haiki_54	エーテル水晶	宝	軽い浮遊感を帯びた水晶。リングに乗せると軌道が少し外側へ広がる。	5	680	none	terrain:dig:2:0	0	none	2	-1	0.24	120	0	fixed	treasure,gem,stone,magic,small	なし										46	116	84	12	99	36	14	33	7											6	15	2	13	17	48	12	89	11	12	55	12	8	24	11	35	8	14	3		4					
treasure_haiki_55	ラブラドライト	宝	ラブラドライト。拠点で売却できる換金用の宝。	4	540	none	terrain:dig:2:0	0	none	2	-1	0.08	121	0	fixed	treasure,gem,stone,small	なし										14	116	52	12	53	13	46	1	2										2	13	17	8	2	15	11	12	55	12	8	24	11	35	8	48	1	2	4								
treasure_haiki_56	黄金魔導石	宝	黄金魔導石。拠点で売却できる換金用の宝。	5	760	none	terrain:dig:4:0	0	none	4	-1	0.3	122	0	fixed	treasure,gem,stone,medium	なし										46	116	84	12	99	36	14	33	7											6	15	2	13	17	48	12	89	11	12	55	12	8	24	11	35	8	14	3		4					
treasure_haiki_57	古代炉の輝石	宝	古代魔導炉の内部に残っていた輝石。強い火の力を帯びている。	5	840	none	orbit:cast_fire:2:0;terrain:dig:4:0	5	fire	4	-1	0.32	123	0	fixed	treasure,gem,stone,fire,medium,contact_damage	敵に火ダメージ（攻撃力5）｜火魔法を発動する（威力2）										46	116	84	12	99	36	14	33	7											6	15	2	13	17	48	12	89	11	12	55	12	8	24	11	35	8	14	3		4					
treasure_haiki_58	封印ジルコン	宝	封印術に使われていたジルコン。命中時、敵の動きを封じることがある。	5	880	none	enemy:status_paralyze_chance:16:2;terrain:dig:2:0	2	magic	2	-1	0.1	124	0	fixed	treasure,gem,stone,magic,sealed,small,contact_damage	敵に魔法ダメージ（攻撃力2）｜敵を麻痺させる（16%）										46	116	84	12	99	36	14	33	7											6	15	2	13	17	48	12	89	11	12	55	12	8	24	11	35	8	14	3		4					
treasure_haiki_59	魔女王のジェード	宝	魔女王のジェード。拠点で売却できる換金用の宝。	6	1100	none	terrain:dig:2:0	0	none	2	-1	0.16	125	0	fixed	treasure,gem,stone,royal,small	なし										12	76	99	74	12	69	12	76	23											2	9		6	15	12	8	15	48	12	89	11	12	55	12	8	24	32	1	2	14	3		4		
treasure_haiki_60	魔導貴族の首飾り	宝	魔導貴族の首飾り。拠点で売却できる換金用の宝。	6	1250	none	terrain:dig:1:0	0	none	1	-1	0.22	126	0	fixed	treasure,relic,metal,stone,royal,small,jewelry	なし										12	76	99	74	12	69	12	76	23											2	9		6	15	12	8	15	48	12	89	11	12	55	12	8	24	32	1	2	14	3		4		
treasure_shinsou_61	黒曜結晶	宝	鋭い黒曜の結晶。リングに乗せると敵を切り裂く。	3	360	none	enemy:status_bleed_chance:18:4;terrain:dig:5:0	5	slash	5	-1	0.35	127	-25	outward	treasure,gem,stone,blade,small,contact_damage	敵に斬撃ダメージ（攻撃力5）｜敵を出血させる（18%）																			46	1	2	5						2	5	4	5	5	2	6	3		41	13	3	18	4		13	2		2								
treasure_shinsou_62	蒼光輝石	宝	蒼い光を帯びた輝石。リングに乗せると周囲を照らす。	3	380	none	area:light:2:0;terrain:dig:4:0	0	none	4	-1	0.3	128	0	fixed	treasure,gem,stone,magic,light_source,medium	周囲を照らす（光量2）																			46	1	2	5						2	5	4	5	5	2	6	3		41	13	3	18	4		13	2		2								
treasure_shinsou_63	重鉱石	宝	異様に重い鉱石。リングに乗せると軌道を重くし、接触威力を上げる。	3	320	none	orbit:[orbit_gravity,orbit_power]:[0.9,1.08]:0;terrain:dig:6:0	6	blunt	6	-1	0.9	129	0	fixed	treasure,ore,stone,heavy,medium,gravity,contact_damage	敵に打撃ダメージ（攻撃力6）｜軌道をまとまりやすくする（0.9倍）｜軌道出力を変える（1.08倍）																			46	1	2	5						2	5	4	5	5	2	6	3		41	13	3	18	4		13	2		2								
treasure_shinsou_64	浮遊石	宝	わずかに浮く石。リングに乗せると軌道が外側へ広がる。	3	340	none	orbit:orbit_antigravity:1.16:0;terrain:dig:3:0	2	wind	3	-1	0.05	130	0	fixed	treasure,ore,stone,wind,floating,small,contact_damage	敵に風ダメージ（攻撃力2）｜軌道を広げやすくする（1.16倍）																			46	1	2	5						2	5	4	5	5	2	6	3		41	13	3	18	4		13	2		2								
treasure_shinsou_65	黒ガラス片	宝	黒く透けるガラス片。鋭利だが壊れやすい。	3	300	none	enemy:status_bleed_chance:16:3.5;terrain:dig:3:0	5	slash	3	8	0.16	131	-25	outward	treasure,glass,blade,small,fragile,contact_damage,fragment	敵に斬撃ダメージ（攻撃力5）｜敵を出血させる（16%）																			46	1	2	5						2	5	4	5	5	2	6	3		41	13	3	18	4		13	2		2								
treasure_shinsou_66	透明な金属片	宝	透明な金属片。拠点で売却できる換金用の宝。	4	480	none	terrain:dig:4:0	0	none	4	-1	0.18	132	-25	outward	treasure,metal,small,fragment	なし																			14	33	7	25	4		2				3	4	2	5	4	5	5	2	54	3	9	41	13	3	5	1	2	13	2		2					
treasure_shinsou_67	地底真珠	宝	地底真珠。拠点で売却できる換金用の宝。	4	520	none	terrain:dig:1:0	0	none	1	-1	0.1	133	0	fixed	treasure,gem,stone,small	なし																			14	33	7	25	4		2				3	4	2	5	4	5	5	2	54	3	9	41	13	3	5	1	2	13	2		2					
treasure_shinsou_68	深層銀貨	宝	深層銀貨。拠点で売却できる換金用の宝。	3	300	none	terrain:dig:1:0	0	none	1	-1	0.05	134	0	spin:120	treasure,money,metal,small,round	なし																			46	1	2	5						2	5	4	5	5	2	6	3		41	13	3	18	4		13	2		2								
treasure_shinsou_69	深層金貨	宝	深層金貨。拠点で売却できる換金用の宝。	4	560	none	terrain:dig:1:0	0	none	1	-1	0.05	135	0	spin:120	treasure,money,metal,small,round	なし																			14	33	7	25	4		2				3	4	2	5	4	5	5	2	54	3	9	41	13	3	5	1	2	13	2		2					
treasure_shinsou_70	黒曜貨	宝	黒曜貨。拠点で売却できる換金用の宝。	4	520	none	terrain:dig:2:0	0	none	2	-1	0.05	136	0	spin:120	treasure,money,stone,small,round	なし																			14	33	7	25	4		2				3	4	2	5	4	5	5	2	54	3	9	41	13	3	5	1	2	13	2		2					
treasure_shinsou_71	蒼光貨	宝	蒼光貨。拠点で売却できる換金用の宝。	4	560	none	terrain:dig:2:0	0	none	2	-1	0.05	137	0	spin:90	treasure,money,stone,small,round	なし																			14	33	7	25	4		2				3	4	2	5	4	5	5	2	54	3	9	41	13	3	5	1	2	13	2		2					
treasure_shinsou_72	沈む金塊	宝	手に持つと沈むように重い金塊。リングに乗せると強烈な打撃になる。	5	900	none	terrain:dig:5:0	0	none	5	-1	1.6	138	-10	fixed	treasure,metal,heavy,medium	なし																			12	76	23	74	19	4	12	2				4		3	4	2	5	4	41	46	2	54	3	9	114	36	8	5	1	2	13	2		2		
treasure_shinsou_73	黒曜の魔玉	宝	黒曜の魔玉。拠点で売却できる換金用の宝。	5	820	none	terrain:dig:4:0	0	none	4	-1	0.35	139	0	spin:90	treasure,stone,medium,round	なし																			12	76	23	74	19	4	12	2				4		3	4	2	5	4	41	46	2	54	3	9	114	36	8	5	1	2	13	2		2		
treasure_shinsou_74	蒼光の貴石	宝	蒼い光を放つ貴石。リングに乗せると明るく周囲を照らす。	5	860	none	area:light:3:0;terrain:dig:2:0	0	none	2	-1	0.25	140	0	fixed	treasure,gem,stone,magic,light_source,small	周囲を照らす（光量3）																			12	76	23	74	19	4	12	2				4		3	4	2	5	4	41	46	2	54	3	9	114	36	8	5	1	2	13	2		2		
treasure_shinsou_75	封印された宝箱	宝	封印された宝箱。拠点で売却できる換金用の宝。	6	1200	none	terrain:dig:3:0	0	none	3	-1	1.2	141	0	fixed	treasure,wood,metal,sealed,medium,heavy,container	なし																			14	116	52	12	53	13	46	1	2			2			4		3	4	18	46	33	41	46	2	12	84	25	114	36	8	5	1	2	13	2	
treasure_shinsou_76	サファイア	宝	深い青色の高級宝石。冷たい力を帯びており、敵を鈍らせる。	5	900	none	terrain:dig:3:0	4	ice	3	-1	0.08	142	0	fixed	treasure,gem,stone,ice,small,contact_damage	敵に氷ダメージ（攻撃力4）																			12	76	23	74	19	4	12	2				4		3	4	2	5	4	41	46	2	54	3	9	114	36	8	5	1	2	13	2		2		
treasure_shinsou_77	エメラルド	宝	エメラルド。拠点で売却できる換金用の宝。	5	950	none	terrain:dig:3:0	0	none	3	-1	0.08	143	0	fixed	treasure,gem,stone,small	なし																			12	76	23	74	19	4	12	2				4		3	4	2	5	4	41	46	2	54	3	9	114	36	8	5	1	2	13	2		2		
treasure_shinsou_78	ルビー	宝	赤く輝く高級宝石。リングに乗せると強い火の力をまとえる。	5	980	none	orbit:cast_fire:2:0;terrain:dig:3:0	5	fire	3	-1	0.08	144	0	fixed	treasure,gem,stone,fire,small,contact_damage	敵に火ダメージ（攻撃力5）｜火魔法を発動する（威力2）																			12	76	23	74	19	4	12	2				4		3	4	2	5	4	41	46	2	54	3	9	114	36	8	5	1	2	13	2		2		
treasure_shinsou_79	ダイヤモンド	宝	硬く輝く宝石。リングに乗せると鋭い打撃になり、急所に入りやすい。	6	1300	none	orbit:critical_chance:8:0;terrain:dig:6:0	6	pierce	6	-1	0.08	145	0	fixed	treasure,gem,stone,pierce,small,contact_damage	敵に刺突ダメージ（攻撃力6）｜会心率を上げる（8%）																			14	116	52	12	53	13	46	1	2			2			4		3	4	18	46	33	41	46	2	12	84	25	114	36	8	5	1	2	13	2	
treasure_shinsou_80	タンザナイト	宝	タンザナイト。拠点で売却できる換金用の宝。	6	1350	none	terrain:dig:3:0	0	none	3	-1	0.08	146	0	fixed	treasure,gem,stone,small	なし																			14	116	52	12	53	13	46	1	2			2			4		3	4	18	46	33	41	46	2	12	84	25	114	36	8	5	1	2	13	2	
treasure_shinsou_81	アレキサンドライト	宝	光で色が変わる希少石。揺らぐ輝きで敵を混乱させることがある。	7	1700	none	enemy:status_confuse_chance:12:3;terrain:dig:3:0	3	magic	3	-1	0.08	147	0	fixed	treasure,gem,stone,magic,small,contact_damage	敵に魔法ダメージ（攻撃力3）｜敵を混乱させる（12%）																			46	116	84	12	99	36	14	33	7						2			4	5	3	39	18	46	33	114	12	57	12	84	25	114	36	8	5	1	2
treasure_shinsou_82	ブラックオパール	宝	黒地に虹色の光を持つ希少石。強い輝きで敵の視界を乱すことがある。	7	1800	none	terrain:dig:2:0	0	none	2	-1	0.08	148	0	fixed	treasure,gem,stone,small	なし																			46	116	84	12	99	36	14	33	7						2			4	5	3	39	18	46	33	114	12	57	12	84	25	114	36	8	5	1	2
treasure_shinsou_83	パライバトルマリン	宝	パライバトルマリン。拠点で売却できる換金用の宝。	7	1900	none	terrain:dig:3:0	0	none	3	-1	0.08	149	0	fixed	treasure,gem,stone,small	なし																			46	116	84	12	99	36	14	33	7						2			4	5	3	39	18	46	33	114	12	57	12	84	25	114	36	8	5	1	2
treasure_shinsou_84	ベニトアイト	宝	ベニトアイト。拠点で売却できる換金用の宝。	7	1850	none	terrain:dig:3:0	0	none	3	-1	0.08	150	0	fixed	treasure,gem,stone,small	なし																			46	116	84	12	99	36	14	33	7						2			4	5	3	39	18	46	33	114	12	57	12	84	25	114	36	8	5	1	2
treasure_shinsou_85	グランディディエライト	宝	グランディディエライト。拠点で売却できる換金用の宝。	8	2200	none	terrain:dig:3:0	0	none	3	-1	0.08	151	0	fixed	treasure,gem,stone,small	なし																			12	76	99	74	12	69	12	76	23									2		13	33	5	3	39	5	12	93	114	12	57	12	84	25	114	36	8
treasure_shinsou_86	ユークレース	宝	ユークレース。拠点で売却できる換金用の宝。	7	1750	none	terrain:dig:2:0	0	none	2	-1	0.08	152	0	fixed	treasure,gem,stone,small	なし																			46	116	84	12	99	36	14	33	7						2			4	5	3	39	18	46	33	114	12	57	12	84	25	114	36	8	5	1	2
treasure_shinsou_87	レッドベリル	宝	レッドベリル。拠点で売却できる換金用の宝。	8	2300	none	terrain:dig:3:0	0	none	3	-1	0.08	153	0	fixed	treasure,gem,stone,small	なし																			12	76	99	74	12	69	12	76	23									2		13	33	5	3	39	5	12	93	114	12	57	12	84	25	114	36	8
treasure_shinsou_88	地底王の宝冠	宝	地底王の宝冠。拠点で売却できる換金用の宝。	8	2500	none	terrain:dig:4:0	0	none	4	-1	0.55	154	0	fixed	treasure,metal,stone,royal,medium,jewelry	なし																			12	76	99	74	12	69	12	76	23									2		13	33	5	3	39	5	12	93	114	12	57	12	84	25	114	36	8
treasure_shinsou_89	黒曜の王笏	宝	黒曜の王笏。拠点で売却できる換金用の宝。	8	2400	none	terrain:dig:5:0	0	none	5	-1	0.75	155	-35	outward	treasure,metal,stone,royal,medium	なし																			12	76	99	74	12	69	12	76	23									2		13	33	5	3	39	5	12	93	114	12	57	12	84	25	114	36	8
treasure_shinsou_90	蒼光の大宝玉	宝	蒼い光を放つ大きな宝玉。リングに乗せると広範囲を照らす。	8	2600	none	area:light:5:0;terrain:dig:4:0	0	none	4	-1	0.5	156	0	spin:80	treasure,stone,magic,light_source,medium,round	周囲を照らす（光量5）																			12	76	99	74	12	69	12	76	23									2		13	33	5	3	39	5	12	93	114	12	57	12	84	25	114	36	8
treasure_shinsou_91	地の女王の首飾り	宝	地の女王の名を持つ首飾り。守りと地の力を宿している。	8	2700	none	player:buff_defense:1.15:0;orbit:cast_earth:2:0;terrain:dig:2:0	4	earth	2	-1	0.22	157	0	fixed	treasure,metal,stone,earth,royal,small,contact_damage,jewelry	敵に土ダメージ（攻撃力4）｜防御力を上げる（1.15倍）｜土魔法を発動する（威力2）																			12	76	99	74	12	69	12	76	23									2		13	33	5	3	39	5	12	93	114	12	57	12	84	25	114	36	8
treasure_shinsou_92	透明金属の聖杯	宝	透明な金属で作られた聖杯。器として水の力を受け流す。	8	2650	none	projectile:reflect_water_chance:30:0;terrain:dig:2:0	0	none	2	-1	0.35	158	0	fixed	treasure,metal,holy,small,vessel	水弾を確率で反射（30%）																			12	76	99	74	12	69	12	76	23									2		13	33	5	3	39	5	12	93	114	12	57	12	84	25	114	36	8
treasure_shinsou_93	星核の欠片	宝	落ちた星の核に近い鋭い欠片。光を放ち、速く回すほど危険な刃になる。	6	1450	none	orbit:[damage_speed,orbit_power]:[1.14,1.12]:0;area:light:2:0;terrain:dig:6:0	7	slash	6	-1	0.28	159	-25	outward	treasure,stone,star_fragment,blade,light_source,small,contact_damage,fragment	敵に斬撃ダメージ（攻撃力7）｜速度によるダメージ補正を強める（1.14倍）｜軌道出力を変える（1.12倍）｜周囲を照らす（光量2）																			14	116	52	12	53	13	46	1	2			2			4		3	4	18	46	33	41	46	2	12	84	25	114	36	8	5	1	2	13	2	
treasure_shinsou_94	守護星の涙	宝	守護星の涙と呼ばれる希少な宝。光と守護の力を持つ。	8	2800	none	area:light:4:0;player:regen:0.25:0;terrain:dig:3:0	0	none	3	-1	0.12	160	0	fixed	treasure,stone,star_fragment,holy,light_source,small	周囲を照らす（光量4）																			12	76	99	74	12	69	12	76	23									2		13	33	5	3	39	5	12	93	114	12	57	12	84	25	114	36	8
treasure_shinsou_95	落ちた星の外殻	宝	落ちた星の外側にあたる殻。硬い外殻として攻防に使える。	7	2100	none	projectile:guard_large:1:0;orbit:orbit_power:1.08:0;terrain:dig:6:0	6	blunt	6	-1	0.45	161	-15	fixed	treasure,stone,star_fragment,medium,guard_large_projectile,contact_damage	敵に打撃ダメージ（攻撃力6）｜大型弾を防ぐ｜軌道出力を変える（1.08倍）																			46	116	84	12	99	36	14	33	7						2			4	5	3	39	18	46	33	114	12	57	12	84	25	114	36	8	5	1	2
